source,name,hosted link,screenshot link,,,,,
https://www.facebook.com/LibertyMemesOriginalPage/photos/a.542680036172696/924744281299601/?type=3&theater,1,https://res.cloudinary.com/memeticinfluence/image/upload/v1593454142/capitol-hill-autonomous-zone/1.jpg,https://res.cloudinary.com/memeticinfluence/image/upload/v1593454142/capitol-hill-autonomous-zone/1_screenshot.jpg,,,,,
https://www.facebook.com/LibertyMemesOriginalPage/posts/924744307966265?comment_id=924746971299332 ,2,https://res.cloudinary.com/memeticinfluence/image/upload/v1593454142/capitol-hill-autonomous-zone/2.jpg,https://res.cloudinary.com/memeticinfluence/image/upload/v1593454142/capitol-hill-autonomous-zone/2_screenshot.png,,,,,
https://www.facebook.com/LibertyMemesOriginalPage/posts/924744307966265?comment_id=924766524630710 ,3,https://res.cloudinary.com/memeticinfluence/image/upload/v1593454142/capitol-hill-autonomous-zone/3.jpg,https://res.cloudinary.com/memeticinfluence/image/upload/v1593454142/capitol-hill-autonomous-zone/3_screenshot.png,,,,,
https://www.facebook.com/photo.php?fbid=10156963713626734&set=p.10156963713626734&type=3&theater,4,https://res.cloudinary.com/memeticinfluence/image/upload/v1593454142/capitol-hill-autonomous-zone/4.jpg,https://res.cloudinary.com/memeticinfluence/image/upload/v1593454142/capitol-hill-autonomous-zone/4_screenshot.png,,,,,
https://www.facebook.com/photo.php?fbid=2107483806062693&set=p.2107483806062693&type=3&theater,5,https://res.cloudinary.com/memeticinfluence/image/upload/v1593454142/capitol-hill-autonomous-zone/5.jpg,https://res.cloudinary.com/memeticinfluence/image/upload/v1593454142/capitol-hill-autonomous-zone/5_screenshot.png,,,,,
https://www.facebook.com/photo.php?fbid=10158241205387881&set=p.10158241205387881&type=3&theater,6,https://res.cloudinary.com/memeticinfluence/image/upload/v1593454142/capitol-hill-autonomous-zone/6.jpg,https://res.cloudinary.com/memeticinfluence/image/upload/v1593454142/capitol-hill-autonomous-zone/6_screenshot.png,,,,,
https://www.facebook.com/photo.php?fbid=3385280654850143&set=p.3385280654850143&type=3&theater,7,https://res.cloudinary.com/memeticinfluence/image/upload/v1593454142/capitol-hill-autonomous-zone/7.jpg,https://res.cloudinary.com/memeticinfluence/image/upload/v1593454142/capitol-hill-autonomous-zone/7_screenshot.png,,,,,
https://www.facebook.com/RealFakeTweets/photos/p.1705870052913771/1705870052913771/?type=3&theater,8,https://res.cloudinary.com/memeticinfluence/image/upload/v1593454142/capitol-hill-autonomous-zone/8.jpg,https://res.cloudinary.com/memeticinfluence/image/upload/v1593454142/capitol-hill-autonomous-zone/8_screenshot.png,,,,,
https://www.facebook.com/LibertyMemesOriginalPage/photos/a.542680036172696/924289718011724/?type=3&theater,9,https://res.cloudinary.com/memeticinfluence/image/upload/v1593454142/capitol-hill-autonomous-zone/9.jpg,https://res.cloudinary.com/memeticinfluence/image/upload/v1593454142/capitol-hill-autonomous-zone/9_screenshot.png,,,,,
https://www.facebook.com/photo.php?fbid=735192370356550&set=p.735192370356550&type=3&theater,10,https://res.cloudinary.com/memeticinfluence/image/upload/v1593454142/capitol-hill-autonomous-zone/10.jpg,https://res.cloudinary.com/memeticinfluence/image/upload/v1593454142/capitol-hill-autonomous-zone/10_screenshot.png,,,,,
https://www.facebook.com/photo.php?fbid=3673565162672179&set=p.3673565162672179&type=3&theater,11,https://res.cloudinary.com/memeticinfluence/image/upload/v1593454142/capitol-hill-autonomous-zone/11.jpg,https://res.cloudinary.com/memeticinfluence/image/upload/v1593454142/capitol-hill-autonomous-zone/11_screenshot.png,,,,,
https://www.facebook.com/photo.php?fbid=3541849919176081&set=p.3541849919176081&type=3&theater,12,https://res.cloudinary.com/memeticinfluence/image/upload/v1593454142/capitol-hill-autonomous-zone/12.jpg,https://res.cloudinary.com/memeticinfluence/image/upload/v1593454142/capitol-hill-autonomous-zone/12_screenshot.png,,,,,
https://twitter.com/WANaziWatch/status/1272971047671750658,13,https://res.cloudinary.com/memeticinfluence/image/upload/v1593454142/capitol-hill-autonomous-zone/13.1.png,https://res.cloudinary.com/memeticinfluence/image/upload/v1593456805/capitol-hill-autonomous-zone/13_screenshot.png,,,,,
,13,https://res.cloudinary.com/memeticinfluence/image/upload/v1593454142/capitol-hill-autonomous-zone/13.2.png,,,,,,
,13,https://res.cloudinary.com/memeticinfluence/image/upload/v1593454142/capitol-hill-autonomous-zone/13.3.png,,,,,,
https://twitter.com/TheClifBob/status/1272906714187288580,14,https://res.cloudinary.com/memeticinfluence/image/upload/v1593454142/capitol-hill-autonomous-zone/14.jpg,https://res.cloudinary.com/memeticinfluence/image/upload/v1593454142/capitol-hill-autonomous-zone/14_screenshot.png,,,,,
https://twitter.com/CFACT/status/1272917598871736320,15,https://res.cloudinary.com/memeticinfluence/image/upload/v1593454142/capitol-hill-autonomous-zone/15.jpg,https://res.cloudinary.com/memeticinfluence/image/upload/v1593454142/capitol-hill-autonomous-zone/15_screenshot.png,,,,,
https://twitter.com/TimJaco67743395/status/1272900571104772097,16,https://res.cloudinary.com/memeticinfluence/image/upload/v1593454142/capitol-hill-autonomous-zone/16.png,https://res.cloudinary.com/memeticinfluence/image/upload/v1593454142/capitol-hill-autonomous-zone/16_screenshot.png,,,,,
https://twitter.com/larrytheanalyst/status/1271474114558152708,17,https://res.cloudinary.com/memeticinfluence/image/upload/v1593454142/capitol-hill-autonomous-zone/17.jpg,https://res.cloudinary.com/memeticinfluence/image/upload/v1593454142/capitol-hill-autonomous-zone/17_screenshot.png,,,,,
https://twitter.com/prefer_lol/status/1272926304946524163,18,https://res.cloudinary.com/memeticinfluence/image/upload/v1593454142/capitol-hill-autonomous-zone/18.jpg,https://res.cloudinary.com/memeticinfluence/image/upload/v1593454142/capitol-hill-autonomous-zone/18_screenshot.png,,,,,
https://twitter.com/IGD_News/status/1272985090872598529/photo/1,19,https://res.cloudinary.com/memeticinfluence/image/upload/v1593454142/capitol-hill-autonomous-zone/19.jpg,https://res.cloudinary.com/memeticinfluence/image/upload/v1593454142/capitol-hill-autonomous-zone/19_screenshot.png,,,,,
https://www.facebook.com/LibertyMemesOriginalPage/photos/a.542680036172696/928064214300941/?type=3&theater,20,https://res.cloudinary.com/memeticinfluence/image/upload/v1593454142/capitol-hill-autonomous-zone/20.jpg,https://res.cloudinary.com/memeticinfluence/image/upload/v1593454142/capitol-hill-autonomous-zone/20_screenshot.png,,,,,
https://www.facebook.com/photo.php?fbid=164648605068059&set=p.164648605068059&type=3&theater,21,https://res.cloudinary.com/memeticinfluence/image/upload/v1593454142/capitol-hill-autonomous-zone/21.jpg,https://res.cloudinary.com/memeticinfluence/image/upload/v1593454142/capitol-hill-autonomous-zone/21_screenshot.png,,,,,
https://www.facebook.com/photo.php?fbid=178349223662641&set=p.178349223662641&type=3&theater,22,https://res.cloudinary.com/memeticinfluence/image/upload/v1593454142/capitol-hill-autonomous-zone/22.jpg,https://res.cloudinary.com/memeticinfluence/image/upload/v1593454142/capitol-hill-autonomous-zone/22_screenshot.png,,,,,
https://www.facebook.com/photo.php?fbid=10156974959706734&set=p.10156974959706734&type=3&theater,23,https://res.cloudinary.com/memeticinfluence/image/upload/v1593454142/capitol-hill-autonomous-zone/23.jpg,https://res.cloudinary.com/memeticinfluence/image/upload/v1593454142/capitol-hill-autonomous-zone/23_screenshot.png,,,,,
https://www.facebook.com/photo.php?fbid=3146881562057989&set=p.3146881562057989&type=3&theater,24,https://res.cloudinary.com/memeticinfluence/image/upload/v1593454142/capitol-hill-autonomous-zone/24.jpg,https://res.cloudinary.com/memeticinfluence/image/upload/v1593454142/capitol-hill-autonomous-zone/24_screenshot.png,,,,,
https://www.facebook.com/photo.php?fbid=267464067832267&set=p.267464067832267&type=3&theater,25,https://res.cloudinary.com/memeticinfluence/image/upload/v1593454142/capitol-hill-autonomous-zone/25.jpg,https://res.cloudinary.com/memeticinfluence/image/upload/v1593454142/capitol-hill-autonomous-zone/25_screenshot.png,,,,,
https://www.facebook.com/photo.php?fbid=10218288729156941&set=p.10218288729156941&type=3&theater,26,https://res.cloudinary.com/memeticinfluence/image/upload/v1593454142/capitol-hill-autonomous-zone/26.jpg,https://res.cloudinary.com/memeticinfluence/image/upload/v1593454142/capitol-hill-autonomous-zone/26_screenshot.png,,,,,
https://www.facebook.com/photo.php?fbid=10218288739237193&set=p.10218288739237193&type=3&theater,27,https://res.cloudinary.com/memeticinfluence/image/upload/v1593454142/capitol-hill-autonomous-zone/27.jpg,https://res.cloudinary.com/memeticinfluence/image/upload/v1593454142/capitol-hill-autonomous-zone/27_screenshot.png,,,,,
https://www.facebook.com/photo.php?fbid=303785810752859&set=p.303785810752859&type=3&theater,28,https://res.cloudinary.com/memeticinfluence/image/upload/v1593454142/capitol-hill-autonomous-zone/28.jpg,https://res.cloudinary.com/memeticinfluence/image/upload/v1593454142/capitol-hill-autonomous-zone/28_screenshot.png,,,,,
https://www.facebook.com/photo.php?fbid=3163355627040836&set=p.3163355627040836&type=3&theater,29,https://res.cloudinary.com/memeticinfluence/image/upload/v1593454142/capitol-hill-autonomous-zone/29.jpg,https://res.cloudinary.com/memeticinfluence/image/upload/v1593454142/capitol-hill-autonomous-zone/29_screenshot.png,,,,,
https://www.facebook.com/photo.php?fbid=10160048589559056&set=p.10160048589559056&type=3&theater,30,https://res.cloudinary.com/memeticinfluence/image/upload/v1593454142/capitol-hill-autonomous-zone/30.jpg,https://res.cloudinary.com/memeticinfluence/image/upload/v1593454142/capitol-hill-autonomous-zone/30_screenshot.png,,,,,
https://www.facebook.com/photo.php?fbid=3239093226112101&set=p.3239093226112101&type=3&theater,31,https://res.cloudinary.com/memeticinfluence/image/upload/v1593454142/capitol-hill-autonomous-zone/31.jpg,https://res.cloudinary.com/memeticinfluence/image/upload/v1593454142/capitol-hill-autonomous-zone/31_screenshot.png,,,,,
https://www.facebook.com/LibertyMemesOriginalPage/photos/a.542680036172696/927400567700639/?type=3&theater,32,https://res.cloudinary.com/memeticinfluence/image/upload/v1593454142/capitol-hill-autonomous-zone/32.jpg,https://res.cloudinary.com/memeticinfluence/image/upload/v1593454142/capitol-hill-autonomous-zone/32_screenshot.png,,,,,
https://www.facebook.com/photo.php?fbid=545967246285978&set=p.545967246285978&type=3&theater,33,https://res.cloudinary.com/memeticinfluence/image/upload/v1593454142/capitol-hill-autonomous-zone/33.jpg,https://res.cloudinary.com/memeticinfluence/image/upload/v1593454142/capitol-hill-autonomous-zone/33_screenshot.png,,,,,
https://www.facebook.com/photo.php?fbid=10218718391102159&set=p.10218718391102159&type=3&theater,34,https://res.cloudinary.com/memeticinfluence/image/upload/v1593454142/capitol-hill-autonomous-zone/34.jpg,https://res.cloudinary.com/memeticinfluence/image/upload/v1593454142/capitol-hill-autonomous-zone/34_screenshot.png,,,,,
https://www.facebook.com/DespicableMeme1/photos/p.668692330380509/668692330380509/?type=3&theater,35,https://res.cloudinary.com/memeticinfluence/image/upload/v1593454142/capitol-hill-autonomous-zone/35.jpg,https://res.cloudinary.com/memeticinfluence/image/upload/v1593454142/capitol-hill-autonomous-zone/35_screenshot.png,,,,,
https://www.facebook.com/photo.php?fbid=10116236163495140&set=p.10116236163495140&type=3&theater,36,https://res.cloudinary.com/memeticinfluence/image/upload/v1593454142/capitol-hill-autonomous-zone/36.jpg,https://res.cloudinary.com/memeticinfluence/image/upload/v1593454142/capitol-hill-autonomous-zone/36_screenshot.png,,,,,
https://www.facebook.com/photo.php?fbid=905391799939958&set=p.905391799939958&type=3&theater,37,https://res.cloudinary.com/memeticinfluence/image/upload/v1593454142/capitol-hill-autonomous-zone/37.jpg,https://res.cloudinary.com/memeticinfluence/image/upload/v1593454142/capitol-hill-autonomous-zone/37_screenshot.png,,,,,
https://www.facebook.com/photo.php?fbid=1748174868657024&set=p.1748174868657024&type=3&theater,38,https://res.cloudinary.com/memeticinfluence/image/upload/v1593454142/capitol-hill-autonomous-zone/38.jpg,https://res.cloudinary.com/memeticinfluence/image/upload/v1593454142/capitol-hill-autonomous-zone/38_screenshot.png,,,,,
https://www.facebook.com/photo.php?fbid=10109322001855518&set=p.10109322001855518&type=3&theater,39,https://res.cloudinary.com/memeticinfluence/image/upload/v1593454142/capitol-hill-autonomous-zone/39.jpg,https://res.cloudinary.com/memeticinfluence/image/upload/v1593454142/capitol-hill-autonomous-zone/39_screenshot.png,,,,,
https://www.facebook.com/photo.php?fbid=10218349513229759&set=p.10218349513229759&type=3&theater,40,https://res.cloudinary.com/memeticinfluence/image/upload/v1593454142/capitol-hill-autonomous-zone/40.jpg,https://res.cloudinary.com/memeticinfluence/image/upload/v1593454142/capitol-hill-autonomous-zone/40_screenshot.png,,,,,
https://www.facebook.com/LibertyMemesOriginalPage/photos/a.542680036172696/925829324524430/?type=3&theater,41,https://res.cloudinary.com/memeticinfluence/image/upload/v1593454142/capitol-hill-autonomous-zone/41.jpg,https://res.cloudinary.com/memeticinfluence/image/upload/v1593454142/capitol-hill-autonomous-zone/41_screenshot.png,,,,,
https://www.facebook.com/photo.php?fbid=2035603286573513&set=p.2035603286573513&type=3&theater,42,https://res.cloudinary.com/memeticinfluence/image/upload/v1593454142/capitol-hill-autonomous-zone/42.jpg,https://res.cloudinary.com/memeticinfluence/image/upload/v1593454142/capitol-hill-autonomous-zone/42_screenshot.png,,,,,
https://www.facebook.com/Voluntaryismislove/photos/p.3096578623764512/3096578623764512/?type=3&theater,43,https://res.cloudinary.com/memeticinfluence/image/upload/v1593454142/capitol-hill-autonomous-zone/43.jpg,https://res.cloudinary.com/memeticinfluence/image/upload/v1593454142/capitol-hill-autonomous-zone/43_screenshot.png,,,,,
https://www.facebook.com/photo.php?fbid=10222539922996198&set=p.10222539922996198&type=3&theater,44,https://res.cloudinary.com/memeticinfluence/image/upload/v1593454142/capitol-hill-autonomous-zone/44.jpg,https://res.cloudinary.com/memeticinfluence/image/upload/v1593454142/capitol-hill-autonomous-zone/44_screenshot.png,,,,,
https://www.facebook.com/photo.php?fbid=2107753749369032&set=p.2107753749369032&type=3&theater,45,https://res.cloudinary.com/memeticinfluence/image/upload/v1593454142/capitol-hill-autonomous-zone/45.jpg,https://res.cloudinary.com/memeticinfluence/image/upload/v1593454142/capitol-hill-autonomous-zone/45_screenshot.png,,,,,
https://www.facebook.com/photo.php?fbid=259444862148780&set=p.259444862148780&type=3&theater,46,https://res.cloudinary.com/memeticinfluence/image/upload/v1593454142/capitol-hill-autonomous-zone/46.jpg,https://res.cloudinary.com/memeticinfluence/image/upload/v1593454142/capitol-hill-autonomous-zone/46_screenshot.png,,,,,
https://www.facebook.com/LibertyMemesOriginalPage/photos/a.542680036172696/924812634626099/?type=3&theater,47,https://res.cloudinary.com/memeticinfluence/image/upload/v1593454142/capitol-hill-autonomous-zone/47.jpg,https://res.cloudinary.com/memeticinfluence/image/upload/v1593454142/capitol-hill-autonomous-zone/47_screenshot.png,,,,,
https://www.facebook.com/RealFakeTweets/photos/p.1706175482883228/1706175482883228/?type=3&theater,48,https://res.cloudinary.com/memeticinfluence/image/upload/v1593454142/capitol-hill-autonomous-zone/48.png,https://res.cloudinary.com/memeticinfluence/image/upload/v1593454142/capitol-hill-autonomous-zone/48_screenshot.png,,,,,
https://www.facebook.com/photo.php?fbid=10158556610151913&set=p.10158556610151913&type=3&theater,49,https://res.cloudinary.com/memeticinfluence/image/upload/v1593454142/capitol-hill-autonomous-zone/49.jpg,https://res.cloudinary.com/memeticinfluence/image/upload/v1593454142/capitol-hill-autonomous-zone/49_screenshot.png,,,,,
https://www.facebook.com/photo.php?fbid=3434387443272189&set=p.3434387443272189&type=3&theater,50,https://res.cloudinary.com/memeticinfluence/image/upload/v1593454142/capitol-hill-autonomous-zone/50.jpg,https://res.cloudinary.com/memeticinfluence/image/upload/v1593454142/capitol-hill-autonomous-zone/50_screenshot.png,,,,,
https://www.facebook.com/photo.php?fbid=10223578468996783&set=p.10223578468996783&type=3&theater,51,https://res.cloudinary.com/memeticinfluence/image/upload/v1593454142/capitol-hill-autonomous-zone/51.jpg,https://res.cloudinary.com/memeticinfluence/image/upload/v1593454142/capitol-hill-autonomous-zone/51_screenshot.png,,,,,
https://www.facebook.com/photo.php?fbid=10222191950568587&set=p.10222191950568587&type=3&theater,52,https://res.cloudinary.com/memeticinfluence/image/upload/v1593454142/capitol-hill-autonomous-zone/52.jpg,https://res.cloudinary.com/memeticinfluence/image/upload/v1593454142/capitol-hill-autonomous-zone/52_screenshot.png,,,,,
https://www.facebook.com/photo.php?fbid=3434383686605898&set=p.3434383686605898&type=3&theater,53,https://res.cloudinary.com/memeticinfluence/image/upload/v1593454142/capitol-hill-autonomous-zone/53.jpg,https://res.cloudinary.com/memeticinfluence/image/upload/v1593454142/capitol-hill-autonomous-zone/53_screenshot.png,,,,,
https://www.facebook.com/photo.php?fbid=10223578942048609&set=p.10223578942048609&type=3&theater,54,https://res.cloudinary.com/memeticinfluence/image/upload/v1593454142/capitol-hill-autonomous-zone/54.jpg,https://res.cloudinary.com/memeticinfluence/image/upload/v1593454142/capitol-hill-autonomous-zone/54_screenshot.png,,,,,
https://www.facebook.com/photo.php?fbid=122372366165321&set=p.122372366165321&type=3&theater,55,https://res.cloudinary.com/memeticinfluence/image/upload/v1593454142/capitol-hill-autonomous-zone/55.jpg,https://res.cloudinary.com/memeticinfluence/image/upload/v1593454142/capitol-hill-autonomous-zone/55_screenshot.png,,,,,
https://www.facebook.com/photo.php?fbid=10222640258976323&set=p.10222640258976323&type=3&theater,56,https://res.cloudinary.com/memeticinfluence/image/upload/v1593454142/capitol-hill-autonomous-zone/56.jpg,https://res.cloudinary.com/memeticinfluence/image/upload/v1593454142/capitol-hill-autonomous-zone/56_screenshot.png,,,,,
https://www.facebook.com/photo.php?fbid=10158241205387881&set=p.10158241205387881&type=3&theater,57,https://res.cloudinary.com/memeticinfluence/image/upload/v1593454142/capitol-hill-autonomous-zone/57.jpg,https://res.cloudinary.com/memeticinfluence/image/upload/v1593454142/capitol-hill-autonomous-zone/57_screenshot.png,,,,,
https://www.facebook.com/photo.php?fbid=256976462241125&set=p.256976462241125&type=3&theater,58,https://res.cloudinary.com/memeticinfluence/image/upload/v1593454142/capitol-hill-autonomous-zone/58.jpg,https://res.cloudinary.com/memeticinfluence/image/upload/v1593454142/capitol-hill-autonomous-zone/58_screenshot.png,,,,,
https://www.facebook.com/photo.php?fbid=10156963713626734&set=p.10156963713626734&type=3&theater,59,https://res.cloudinary.com/memeticinfluence/image/upload/v1593454142/capitol-hill-autonomous-zone/59.jpg,https://res.cloudinary.com/memeticinfluence/image/upload/v1593454142/capitol-hill-autonomous-zone/59_screenshot.png,,,,,
https://www.facebook.com/photo.php?fbid=10216528278335744&set=p.10216528278335744&type=3&theater,60,https://res.cloudinary.com/memeticinfluence/image/upload/v1593454142/capitol-hill-autonomous-zone/60.jpg,https://res.cloudinary.com/memeticinfluence/image/upload/v1593454142/capitol-hill-autonomous-zone/60_screenshot.png,,,,,
https://www.facebook.com/photo.php?fbid=10217571916584913&set=p.10217571916584913&type=3&theater,61,https://res.cloudinary.com/memeticinfluence/image/upload/v1593454142/capitol-hill-autonomous-zone/61.jpg,https://res.cloudinary.com/memeticinfluence/image/upload/v1593454142/capitol-hill-autonomous-zone/61_screenshot.png,,,,,
https://twitter.com/BrandiKruse/status/1274803277180227584/photo/1,62,https://res.cloudinary.com/memeticinfluence/image/upload/v1593454142/capitol-hill-autonomous-zone/62.jpg,https://res.cloudinary.com/memeticinfluence/image/upload/v1593454142/capitol-hill-autonomous-zone/62_screenshot.png,,,,,
https://twitter.com/RadioFreeCAL/status/1274776341699719168,63,https://res.cloudinary.com/memeticinfluence/image/upload/v1593454142/capitol-hill-autonomous-zone/63.1.jpg,https://res.cloudinary.com/memeticinfluence/image/upload/v1593454142/capitol-hill-autonomous-zone/63_screenshot.png,,,,,
,63,https://res.cloudinary.com/memeticinfluence/image/upload/v1593454142/capitol-hill-autonomous-zone/63.2.jpg,,,,,,
https://twitter.com/fuad_shirwa/status/1274692872302997504,64,https://res.cloudinary.com/memeticinfluence/image/upload/v1593454142/capitol-hill-autonomous-zone/64.jpg,https://res.cloudinary.com/memeticinfluence/image/upload/v1593454142/capitol-hill-autonomous-zone/64_screenshot.png,,,,,
https://twitter.com/guypbenson/status/1274395205903450113,65,https://res.cloudinary.com/memeticinfluence/image/upload/v1593454142/capitol-hill-autonomous-zone/65.jpg,https://res.cloudinary.com/memeticinfluence/image/upload/v1593454142/capitol-hill-autonomous-zone/65_screenshot.png,,,,,
https://twitter.com/AGHamilton29/status/1274553642268442624,66,https://res.cloudinary.com/memeticinfluence/image/upload/v1593454142/capitol-hill-autonomous-zone/66.png,https://res.cloudinary.com/memeticinfluence/image/upload/v1593454142/capitol-hill-autonomous-zone/66_screenshot.png,,,,,
https://twitter.com/mgolingan1/status/1274412572637200384,67,https://res.cloudinary.com/memeticinfluence/image/upload/v1593454142/capitol-hill-autonomous-zone/67.jpg,https://res.cloudinary.com/memeticinfluence/image/upload/v1593454142/capitol-hill-autonomous-zone/67_screenshot.png,,,,,
https://twitter.com/MidlifeMoves/status/1274357964346920960,68,https://res.cloudinary.com/memeticinfluence/image/upload/v1593454142/capitol-hill-autonomous-zone/68.jpg,https://res.cloudinary.com/memeticinfluence/image/upload/v1593454142/capitol-hill-autonomous-zone/68_screenshot.png,,,,,
https://twitter.com/CNNSUCKS16/status/1274146209486245889,69,https://res.cloudinary.com/memeticinfluence/image/upload/v1593454142/capitol-hill-autonomous-zone/69.jpg,https://res.cloudinary.com/memeticinfluence/image/upload/v1593454142/capitol-hill-autonomous-zone/69_screenshot.png,,,,,
https://twitter.com/BenWatching5/status/1274101233800929280,70,https://res.cloudinary.com/memeticinfluence/image/upload/v1593454142/capitol-hill-autonomous-zone/70.1.png,https://res.cloudinary.com/memeticinfluence/image/upload/v1593454142/capitol-hill-autonomous-zone/70_screenshot.png,,,,,
,70,https://res.cloudinary.com/memeticinfluence/image/upload/v1593454142/capitol-hill-autonomous-zone/70.2.png,,,,,,
https://twitter.com/Hydr0z2/status/1274007570324299778,71,https://res.cloudinary.com/memeticinfluence/image/upload/v1593454142/capitol-hill-autonomous-zone/71.png,https://res.cloudinary.com/memeticinfluence/image/upload/v1593454142/capitol-hill-autonomous-zone/71_screenshot.png,,,,,
https://twitter.com/RepublicOfCHOP/status/1273993062960648193/photo/1,72,https://res.cloudinary.com/memeticinfluence/image/upload/v1593454142/capitol-hill-autonomous-zone/72.jpg,https://res.cloudinary.com/memeticinfluence/image/upload/v1593454142/capitol-hill-autonomous-zone/72_screenshot.png,,,,,
https://twitter.com/ThessalyBurns/status/1273734649240588288,73,https://res.cloudinary.com/memeticinfluence/image/upload/v1593454142/capitol-hill-autonomous-zone/73.jpg,https://res.cloudinary.com/memeticinfluence/image/upload/v1593454142/capitol-hill-autonomous-zone/73_screenshot.png,,,,,
https://twitter.com/drewbiedee5/status/1273438494455730177/photo/1,74,https://res.cloudinary.com/memeticinfluence/image/upload/v1593454142/capitol-hill-autonomous-zone/74.jpg,https://res.cloudinary.com/memeticinfluence/image/upload/v1593454142/capitol-hill-autonomous-zone/74_screenshot.png,,,,,
https://twitter.com/Tobinator0311/status/1273374921268346886,75,https://res.cloudinary.com/memeticinfluence/image/upload/v1593454142/capitol-hill-autonomous-zone/75.jpg,https://res.cloudinary.com/memeticinfluence/image/upload/v1593454142/capitol-hill-autonomous-zone/75_screenshot.png,,,,,
https://twitter.com/FreshD25280277/status/1273288862907789313,76,https://res.cloudinary.com/memeticinfluence/image/upload/v1593454142/capitol-hill-autonomous-zone/76.jpg,https://res.cloudinary.com/memeticinfluence/image/upload/v1593454142/capitol-hill-autonomous-zone/76_screenshot.png,,,,,
https://twitter.com/RepublicOfCHOP/status/1273261463973421056,77,https://res.cloudinary.com/memeticinfluence/image/upload/v1593454142/capitol-hill-autonomous-zone/77.jpg,https://res.cloudinary.com/memeticinfluence/image/upload/v1593454142/capitol-hill-autonomous-zone/77_screenshot.png,,,,,
https://twitter.com/ItsAllSoTiring/status/1273155913503977472,78,https://res.cloudinary.com/memeticinfluence/image/upload/v1593454142/capitol-hill-autonomous-zone/78.png,https://res.cloudinary.com/memeticinfluence/image/upload/v1593454142/capitol-hill-autonomous-zone/78_screenshot.png,,,,,
https://twitter.com/Mystara99/status/1273074860982284288,79,https://res.cloudinary.com/memeticinfluence/image/upload/v1593454142/capitol-hill-autonomous-zone/79.jpg,https://res.cloudinary.com/memeticinfluence/image/upload/v1593454142/capitol-hill-autonomous-zone/79_screenshot.png,,,,,
https://twitter.com/atomicthumbs/status/1272772389848313856,80,https://res.cloudinary.com/memeticinfluence/image/upload/v1593454142/capitol-hill-autonomous-zone/80.1.png,https://res.cloudinary.com/memeticinfluence/image/upload/v1593454142/capitol-hill-autonomous-zone/80_screenshot.png,,,,,
,80,https://res.cloudinary.com/memeticinfluence/image/upload/v1593454142/capitol-hill-autonomous-zone/80.2.jpg,,,,,,
https://twitter.com/Pamela_Jones/status/1272744246018297856/photo/1,81,https://res.cloudinary.com/memeticinfluence/image/upload/v1593454142/capitol-hill-autonomous-zone/81.jpg,https://res.cloudinary.com/memeticinfluence/image/upload/v1593454142/capitol-hill-autonomous-zone/81_screenshot.png,,,,,
https://twitter.com/OwnLee2JenDers/status/1272744139025600512/photo/1,82,https://res.cloudinary.com/memeticinfluence/image/upload/v1593454142/capitol-hill-autonomous-zone/82.jpg,https://res.cloudinary.com/memeticinfluence/image/upload/v1593454142/capitol-hill-autonomous-zone/82_screenshot.png,,,,,
https://twitter.com/Organics4Free/status/1272621107829301248/photo/1,83,https://res.cloudinary.com/memeticinfluence/image/upload/v1593454142/capitol-hill-autonomous-zone/83.jpg,https://res.cloudinary.com/memeticinfluence/image/upload/v1593454142/capitol-hill-autonomous-zone/83_screenshot.png,,,,,
https://twitter.com/vbtops1/status/1272600318912663553/photo/1,84,https://res.cloudinary.com/memeticinfluence/image/upload/v1593454142/capitol-hill-autonomous-zone/84.jpg,https://res.cloudinary.com/memeticinfluence/image/upload/v1593454142/capitol-hill-autonomous-zone/84_screenshot.png,,,,,
https://twitter.com/climatestrikewa/status/1272415185098047489,85,https://res.cloudinary.com/memeticinfluence/image/upload/v1593454142/capitol-hill-autonomous-zone/85.1.jpg,https://res.cloudinary.com/memeticinfluence/image/upload/v1593454142/capitol-hill-autonomous-zone/85_screenshot.png,,,,,
,85,https://res.cloudinary.com/memeticinfluence/image/upload/v1593454142/capitol-hill-autonomous-zone/85.2.jpg,,,,,,
https://twitter.com/climatestrikewa/status/1272415186255622144,86,https://res.cloudinary.com/memeticinfluence/image/upload/v1593454142/capitol-hill-autonomous-zone/86.1.png,https://res.cloudinary.com/memeticinfluence/image/upload/v1593454142/capitol-hill-autonomous-zone/86_screenshot.png,,,,,
,86,https://res.cloudinary.com/memeticinfluence/image/upload/v1593454142/capitol-hill-autonomous-zone/86.2.jpg,,,,,,
https://twitter.com/shanna_br/status/1272211457782902786,87,https://res.cloudinary.com/memeticinfluence/image/upload/v1593454142/capitol-hill-autonomous-zone/87.jpg,https://res.cloudinary.com/memeticinfluence/image/upload/v1593454142/capitol-hill-autonomous-zone/87_screenshot.png,,,,,
https://twitter.com/MrAndyNgo/status/1274670261497782272,88,https://res.cloudinary.com/memeticinfluence/image/upload/v1593454142/capitol-hill-autonomous-zone/88.jpg,https://res.cloudinary.com/memeticinfluence/image/upload/v1593454142/capitol-hill-autonomous-zone/88_screenshot.png,,,,,
,,,,,,,,
brought to you by memetic influence,,,,,,,,
datasets@memeticinfluence.com,,,,,,,,
,,,,,,,,
,,,,,,,,
,,,,,,,,
,,,,,,,,
,,,,,,,,
,,,,,,,,
,,,,,,,,
,,,,,,,,
,,,,,,,,
,,,,,,,,
,,,,,,,,
,,,,,,,,
,,,,,,,,
,,,,,,,,
,,,,,,,,
,,,,,,,,
,,,,,,,,
,,,,,,,,
,,,,,,,,
,,,,,,,,
,,,,,,,,
,,,,,,,,
,,,,,,,,
,,,,,,,,
,,,,,,,,
,,,,,,,,
,,,,,,,,
,,,,,,,,
,,,,,,,,
,,,,,,,,
,,,,,,,,
,,,,,,,,
,,,,,,,,
,,,,,,,,
,,,,,,,,
,,,,,,,,
,,,,,,,,
,,,,,,,,
,,,,,,,,
,,,,,,,,
,,,,,,,,
,,,,,,,,
,,,,,,,,
,,,,,,,,
,,,,,,,,
,,,,,,,,
,,,,,,,,
,,,,,,,,
,,,,,,,,
,,,,,,,,
,,,,,,,,
,,,,,,,,
,,,,,,,,
,,,,,,,,
,,,,,,,,
,,,,,,,,
,,,,,,,,
,,,,,,,,
,,,,,,,,
,,,,,,,,
,,,,,,,,
,,,,,,,,
,,,,,,,,
,,,,,,,,
,,,,,,,,
,,,,,,,,
,,,,,,,,
,,,,,,,,
,,,,,,,,
,,,,,,,,
,,,,,,,,
,,,,,,,,
,,,,,,,,
,,,,,,,,
,,,,,,,,
,,,,,,,,
,,,,,,,,
,,,,,,,,
,,,,,,,,
,,,,,,,,
,,,,,,,,
,,,,,,,,
,,,,,,,,
,,,,,,,,
,,,,,,,,
,,,,,,,,
,,,,,,,,
,,,,,,,,
,,,,,,,,